date,department,adjusted_treatment_minutes,num_doctors,daily_capacity_minutes,doctor_utilization_pct
2025-01-01,Emergency,820.0,10,2400,34.166666666666664
2025-01-01,General Medicine,872.0,8,1920,45.416666666666664
2025-01-01,Cardiology,882.0,6,1440,61.25000000000001
2025-01-01,Orthopedics,836.0,6,1440,58.05555555555556
2025-01-01,Neurology,594.0,5,1200,49.5
2025-01-01,ICU,644.0,5,1200,53.666666666666664
2025-01-02,Emergency,744.0,10,2400,31.0
2025-01-02,General Medicine,908.0,8,1920,47.291666666666664
2025-01-02,Cardiology,860.0,6,1440,59.72222222222222
2025-01-02,Orthopedics,848.0,6,1440,58.88888888888889
2025-01-02,Neurology,854.0,5,1200,71.16666666666667
2025-01-02,ICU,940.0,5,1200,78.33333333333333
2025-01-03,Emergency,616.0,10,2400,25.666666666666664
2025-01-03,General Medicine,890.0,8,1920,46.35416666666667
2025-01-03,Cardiology,824.0,6,1440,57.22222222222222
2025-01-03,Orthopedics,988.0,6,1440,68.61111111111111
2025-01-03,Neurology,866.0,5,1200,72.16666666666667
2025-01-03,ICU,862.0,5,1200,71.83333333333334
2025-01-04,Emergency,1008.0,10,2400,42.0
2025-01-04,General Medicine,930.0,8,1920,48.4375
2025-01-04,Cardiology,796.0,6,1440,55.27777777777778
2025-01-04,Orthopedics,894.0,6,1440,62.083333333333336
2025-01-04,Neurology,748.0,5,1200,62.33333333333333
2025-01-04,ICU,904.0,5,1200,75.33333333333333
2025-01-05,Emergency,936.0,10,2400,39.0
2025-01-05,General Medicine,914.0,8,1920,47.604166666666664
2025-01-05,Cardiology,836.0,6,1440,58.05555555555556
2025-01-05,Orthopedics,804.0,6,1440,55.833333333333336
2025-01-05,Neurology,732.0,5,1200,61.0
2025-01-05,ICU,922.0,5,1200,76.83333333333333
2025-01-06,Emergency,788.0,10,2400,32.83333333333333
2025-01-06,General Medicine,878.0,8,1920,45.729166666666664
2025-01-06,Cardiology,882.0,6,1440,61.25000000000001
2025-01-06,Orthopedics,786.0,6,1440,54.58333333333333
2025-01-06,Neurology,630.0,5,1200,52.5
2025-01-06,ICU,758.0,5,1200,63.16666666666667
2025-01-07,Emergency,768.0,10,2400,32.0
2025-01-07,General Medicine,940.0,8,1920,48.95833333333333
2025-01-07,Cardiology,798.0,6,1440,55.41666666666667
2025-01-07,Orthopedics,762.0,6,1440,52.916666666666664
2025-01-07,Neurology,576.0,5,1200,48.0
2025-01-07,ICU,812.0,5,1200,67.66666666666666
2025-01-08,Emergency,678.0,10,2400,28.249999999999996
2025-01-08,General Medicine,1044.0,8,1920,54.37499999999999
2025-01-08,Cardiology,948.0,6,1440,65.83333333333333
2025-01-08,Orthopedics,1018.0,6,1440,70.69444444444444
2025-01-08,Neurology,796.0,5,1200,66.33333333333333
2025-01-08,ICU,966.0,5,1200,80.5
2025-01-09,Emergency,626.0,10,2400,26.083333333333332
2025-01-09,General Medicine,1018.0,8,1920,53.02083333333333
2025-01-09,Cardiology,764.0,6,1440,53.05555555555556
2025-01-09,Orthopedics,912.0,6,1440,63.33333333333333
2025-01-09,Neurology,796.0,5,1200,66.33333333333333
2025-01-09,ICU,1024.0,5,1200,85.33333333333334
2025-01-10,Emergency,704.0,10,2400,29.333333333333332
2025-01-10,General Medicine,962.0,8,1920,50.10416666666667
2025-01-10,Cardiology,898.0,6,1440,62.361111111111114
2025-01-10,Orthopedics,932.0,6,1440,64.72222222222223
2025-01-10,Neurology,774.0,5,1200,64.5
2025-01-10,ICU,946.0,5,1200,78.83333333333333
2025-01-11,Emergency,1502.0,10,2400,62.583333333333336
2025-01-11,General Medicine,1350.0,8,1920,70.3125
2025-01-11,Cardiology,1146.0,6,1440,79.58333333333333
2025-01-11,Orthopedics,1478.0,6,1440,102.63888888888889
2025-01-11,Neurology,1170.0,5,1200,97.5
2025-01-11,ICU,1562.0,5,1200,130.16666666666669
2025-01-12,Emergency,1154.0,10,2400,48.083333333333336
2025-01-12,General Medicine,936.0,8,1920,48.75
2025-01-12,Cardiology,994.0,6,1440,69.02777777777777
2025-01-12,Orthopedics,1008.0,6,1440,70.0
2025-01-12,Neurology,820.0,5,1200,68.33333333333333
2025-01-12,ICU,988.0,5,1200,82.33333333333334
2025-01-13,Emergency,828.0,10,2400,34.5
2025-01-13,General Medicine,1084.0,8,1920,56.458333333333336
2025-01-13,Cardiology,966.0,6,1440,67.08333333333333
2025-01-13,Orthopedics,954.0,6,1440,66.25
2025-01-13,Neurology,818.0,5,1200,68.16666666666666
2025-01-13,ICU,934.0,5,1200,77.83333333333333
2025-01-14,Emergency,806.0,10,2400,33.58333333333333
2025-01-14,General Medicine,970.0,8,1920,50.520833333333336
2025-01-14,Cardiology,914.0,6,1440,63.47222222222222
2025-01-14,Orthopedics,842.0,6,1440,58.47222222222223
2025-01-14,Neurology,708.0,5,1200,59.0
2025-01-14,ICU,708.0,5,1200,59.0
2025-01-15,Emergency,886.0,10,2400,36.916666666666664
2025-01-15,General Medicine,916.0,8,1920,47.708333333333336
2025-01-15,Cardiology,792.0,6,1440,55.00000000000001
2025-01-15,Orthopedics,684.0,6,1440,47.5
2025-01-15,Neurology,694.0,5,1200,57.833333333333336
2025-01-15,ICU,804.0,5,1200,67.0
2025-01-16,Emergency,822.0,10,2400,34.25
2025-01-16,General Medicine,926.0,8,1920,48.229166666666664
2025-01-16,Cardiology,794.0,6,1440,55.13888888888889
2025-01-16,Orthopedics,844.0,6,1440,58.611111111111114
2025-01-16,Neurology,716.0,5,1200,59.66666666666667
2025-01-16,ICU,768.0,5,1200,64.0
2025-01-17,Emergency,810.0,10,2400,33.75
2025-01-17,General Medicine,820.0,8,1920,42.70833333333333
2025-01-17,Cardiology,850.0,6,1440,59.02777777777778
2025-01-17,Orthopedics,766.0,6,1440,53.19444444444444
2025-01-17,Neurology,570.0,5,1200,47.5
2025-01-17,ICU,824.0,5,1200,68.66666666666667
2025-01-18,Emergency,1034.0,10,2400,43.083333333333336
2025-01-18,General Medicine,1038.0,8,1920,54.0625
2025-01-18,Cardiology,766.0,6,1440,53.19444444444444
2025-01-18,Orthopedics,774.0,6,1440,53.75
2025-01-18,Neurology,810.0,5,1200,67.5
2025-01-18,ICU,1018.0,5,1200,84.83333333333334
2025-01-19,Emergency,1054.0,10,2400,43.916666666666664
2025-01-19,General Medicine,792.0,8,1920,41.25
2025-01-19,Cardiology,860.0,6,1440,59.72222222222222
2025-01-19,Orthopedics,898.0,6,1440,62.361111111111114
2025-01-19,Neurology,784.0,5,1200,65.33333333333333
2025-01-19,ICU,812.0,5,1200,67.66666666666666
2025-01-20,Emergency,876.0,10,2400,36.5
2025-01-20,General Medicine,918.0,8,1920,47.8125
2025-01-20,Cardiology,806.0,6,1440,55.97222222222222
2025-01-20,Orthopedics,724.0,6,1440,50.27777777777778
2025-01-20,Neurology,720.0,5,1200,60.0
2025-01-20,ICU,780.0,5,1200,65.0
2025-01-21,Emergency,686.0,10,2400,28.583333333333332
2025-01-21,General Medicine,1108.0,8,1920,57.70833333333333
2025-01-21,Cardiology,906.0,6,1440,62.916666666666664
2025-01-21,Orthopedics,784.0,6,1440,54.44444444444444
2025-01-21,Neurology,718.0,5,1200,59.833333333333336
2025-01-21,ICU,812.0,5,1200,67.66666666666666
2025-01-22,Emergency,826.0,10,2400,34.416666666666664
2025-01-22,General Medicine,928.0,8,1920,48.333333333333336
2025-01-22,Cardiology,760.0,6,1440,52.77777777777778
2025-01-22,Orthopedics,728.0,6,1440,50.55555555555556
2025-01-22,Neurology,638.0,5,1200,53.166666666666664
2025-01-22,ICU,620.0,5,1200,51.66666666666667
2025-01-23,Emergency,804.0,10,2400,33.5
2025-01-23,General Medicine,850.0,8,1920,44.27083333333333
2025-01-23,Cardiology,868.0,6,1440,60.27777777777777
2025-01-23,Orthopedics,774.0,6,1440,53.75
2025-01-23,Neurology,700.0,5,1200,58.333333333333336
2025-01-23,ICU,746.0,5,1200,62.16666666666667
2025-01-24,Emergency,620.0,10,2400,25.833333333333336
2025-01-24,General Medicine,862.0,8,1920,44.895833333333336
2025-01-24,Cardiology,964.0,6,1440,66.94444444444444
2025-01-24,Orthopedics,982.0,6,1440,68.19444444444444
2025-01-24,Neurology,634.0,5,1200,52.83333333333333
2025-01-24,ICU,928.0,5,1200,77.33333333333333
2025-01-25,Emergency,1012.0,10,2400,42.16666666666667
2025-01-25,General Medicine,946.0,8,1920,49.270833333333336
2025-01-25,Cardiology,866.0,6,1440,60.138888888888886
2025-01-25,Orthopedics,1026.0,6,1440,71.25
2025-01-25,Neurology,792.0,5,1200,66.0
2025-01-25,ICU,940.0,5,1200,78.33333333333333
2025-01-26,Emergency,1100.0,10,2400,45.83333333333333
2025-01-26,General Medicine,1028.0,8,1920,53.541666666666664
2025-01-26,Cardiology,800.0,6,1440,55.55555555555556
2025-01-26,Orthopedics,972.0,6,1440,67.5
2025-01-26,Neurology,766.0,5,1200,63.83333333333333
2025-01-26,ICU,928.0,5,1200,77.33333333333333
2025-01-27,Emergency,916.0,10,2400,38.166666666666664
2025-01-27,General Medicine,1076.0,8,1920,56.041666666666664
2025-01-27,Cardiology,852.0,6,1440,59.166666666666664
2025-01-27,Orthopedics,818.0,6,1440,56.80555555555556
2025-01-27,Neurology,642.0,5,1200,53.5
2025-01-27,ICU,734.0,5,1200,61.16666666666667
2025-01-28,Emergency,648.0,10,2400,27.0
2025-01-28,General Medicine,1062.0,8,1920,55.3125
2025-01-28,Cardiology,934.0,6,1440,64.86111111111111
2025-01-28,Orthopedics,898.0,6,1440,62.361111111111114
2025-01-28,Neurology,784.0,5,1200,65.33333333333333
2025-01-28,ICU,778.0,5,1200,64.83333333333333
2025-01-29,Emergency,736.0,10,2400,30.666666666666664
2025-01-29,General Medicine,958.0,8,1920,49.895833333333336
2025-01-29,Cardiology,848.0,6,1440,58.88888888888889
2025-01-29,Orthopedics,984.0,6,1440,68.33333333333333
2025-01-29,Neurology,782.0,5,1200,65.16666666666666
2025-01-29,ICU,888.0,5,1200,74.0
2025-01-30,Emergency,750.0,10,2400,31.25
2025-01-30,General Medicine,866.0,8,1920,45.104166666666664
2025-01-30,Cardiology,894.0,6,1440,62.083333333333336
2025-01-30,Orthopedics,706.0,6,1440,49.02777777777778
2025-01-30,Neurology,714.0,5,1200,59.5
2025-01-30,ICU,804.0,5,1200,67.0
2025-01-31,Emergency,1274.0,10,2400,53.083333333333336
2025-01-31,General Medicine,1294.0,8,1920,67.39583333333333
2025-01-31,Cardiology,1166.0,6,1440,80.97222222222223
2025-01-31,Orthopedics,1276.0,6,1440,88.61111111111111
2025-01-31,Neurology,1096.0,5,1200,91.33333333333333
2025-01-31,ICU,1522.0,5,1200,126.83333333333333
2025-02-01,Emergency,1158.0,10,2400,48.25
2025-02-01,General Medicine,994.0,8,1920,51.770833333333336
2025-02-01,Cardiology,746.0,6,1440,51.80555555555556
2025-02-01,Orthopedics,998.0,6,1440,69.30555555555556
2025-02-01,Neurology,892.0,5,1200,74.33333333333333
2025-02-01,ICU,1056.0,5,1200,88.0
2025-02-02,Emergency,966.0,10,2400,40.25
2025-02-02,General Medicine,954.0,8,1920,49.6875
2025-02-02,Cardiology,960.0,6,1440,66.66666666666666
2025-02-02,Orthopedics,1066.0,6,1440,74.02777777777779
2025-02-02,Neurology,906.0,5,1200,75.5
2025-02-02,ICU,802.0,5,1200,66.83333333333333
2025-02-03,Emergency,940.0,10,2400,39.166666666666664
2025-02-03,General Medicine,1086.0,8,1920,56.56250000000001
2025-02-03,Cardiology,892.0,6,1440,61.94444444444444
2025-02-03,Orthopedics,868.0,6,1440,60.27777777777777
2025-02-03,Neurology,982.0,5,1200,81.83333333333334
2025-02-03,ICU,1054.0,5,1200,87.83333333333333
2025-02-04,Emergency,858.0,10,2400,35.75
2025-02-04,General Medicine,948.0,8,1920,49.375
2025-02-04,Cardiology,882.0,6,1440,61.25000000000001
2025-02-04,Orthopedics,812.0,6,1440,56.388888888888886
2025-02-04,Neurology,800.0,5,1200,66.66666666666666
2025-02-04,ICU,966.0,5,1200,80.5
2025-02-05,Emergency,820.0,10,2400,34.166666666666664
2025-02-05,General Medicine,1050.0,8,1920,54.6875
2025-02-05,Cardiology,914.0,6,1440,63.47222222222222
2025-02-05,Orthopedics,1048.0,6,1440,72.77777777777777
2025-02-05,Neurology,980.0,5,1200,81.66666666666667
2025-02-05,ICU,906.0,5,1200,75.5
2025-02-06,Emergency,670.0,10,2400,27.916666666666668
2025-02-06,General Medicine,952.0,8,1920,49.583333333333336
2025-02-06,Cardiology,920.0,6,1440,63.888888888888886
2025-02-06,Orthopedics,866.0,6,1440,60.138888888888886
2025-02-06,Neurology,874.0,5,1200,72.83333333333334
2025-02-06,ICU,818.0,5,1200,68.16666666666666
2025-02-07,Emergency,904.0,10,2400,37.666666666666664
2025-02-07,General Medicine,914.0,8,1920,47.604166666666664
2025-02-07,Cardiology,970.0,6,1440,67.36111111111111
2025-02-07,Orthopedics,744.0,6,1440,51.66666666666667
2025-02-07,Neurology,722.0,5,1200,60.16666666666667
2025-02-07,ICU,776.0,5,1200,64.66666666666666
2025-02-08,Emergency,1204.0,10,2400,50.16666666666667
2025-02-08,General Medicine,1086.0,8,1920,56.56250000000001
2025-02-08,Cardiology,842.0,6,1440,58.47222222222223
2025-02-08,Orthopedics,996.0,6,1440,69.16666666666667
2025-02-08,Neurology,830.0,5,1200,69.16666666666667
2025-02-08,ICU,854.0,5,1200,71.16666666666667
2025-02-09,Emergency,1156.0,10,2400,48.16666666666667
2025-02-09,General Medicine,994.0,8,1920,51.770833333333336
2025-02-09,Cardiology,908.0,6,1440,63.05555555555556
2025-02-09,Orthopedics,898.0,6,1440,62.361111111111114
2025-02-09,Neurology,870.0,5,1200,72.5
2025-02-09,ICU,936.0,5,1200,78.0
2025-02-10,Emergency,876.0,10,2400,36.5
2025-02-10,General Medicine,902.0,8,1920,46.979166666666664
2025-02-10,Cardiology,886.0,6,1440,61.52777777777778
2025-02-10,Orthopedics,726.0,6,1440,50.416666666666664
2025-02-10,Neurology,588.0,5,1200,49.0
2025-02-10,ICU,826.0,5,1200,68.83333333333333
2025-02-11,Emergency,812.0,10,2400,33.83333333333333
2025-02-11,General Medicine,1110.0,8,1920,57.8125
2025-02-11,Cardiology,964.0,6,1440,66.94444444444444
2025-02-11,Orthopedics,922.0,6,1440,64.02777777777777
2025-02-11,Neurology,896.0,5,1200,74.66666666666667
2025-02-11,ICU,946.0,5,1200,78.83333333333333
2025-02-12,Emergency,830.0,10,2400,34.583333333333336
2025-02-12,General Medicine,968.0,8,1920,50.416666666666664
2025-02-12,Cardiology,948.0,6,1440,65.83333333333333
2025-02-12,Orthopedics,892.0,6,1440,61.94444444444444
2025-02-12,Neurology,694.0,5,1200,57.833333333333336
2025-02-12,ICU,766.0,5,1200,63.83333333333333
2025-02-13,Emergency,756.0,10,2400,31.5
2025-02-13,General Medicine,974.0,8,1920,50.72916666666667
2025-02-13,Cardiology,788.0,6,1440,54.72222222222223
2025-02-13,Orthopedics,824.0,6,1440,57.22222222222222
2025-02-13,Neurology,810.0,5,1200,67.5
2025-02-13,ICU,954.0,5,1200,79.5
2025-02-14,Emergency,698.0,10,2400,29.083333333333332
2025-02-14,General Medicine,978.0,8,1920,50.9375
2025-02-14,Cardiology,830.0,6,1440,57.638888888888886
2025-02-14,Orthopedics,1030.0,6,1440,71.52777777777779
2025-02-14,Neurology,910.0,5,1200,75.83333333333333
2025-02-14,ICU,1000.0,5,1200,83.33333333333334
2025-02-15,Emergency,1188.0,10,2400,49.5
2025-02-15,General Medicine,1006.0,8,1920,52.39583333333333
2025-02-15,Cardiology,850.0,6,1440,59.02777777777778
2025-02-15,Orthopedics,962.0,6,1440,66.80555555555556
2025-02-15,Neurology,804.0,5,1200,67.0
2025-02-15,ICU,1004.0,5,1200,83.66666666666667
2025-02-16,Emergency,1052.0,10,2400,43.833333333333336
2025-02-16,General Medicine,1100.0,8,1920,57.291666666666664
2025-02-16,Cardiology,924.0,6,1440,64.16666666666667
2025-02-16,Orthopedics,812.0,6,1440,56.388888888888886
2025-02-16,Neurology,764.0,5,1200,63.66666666666667
2025-02-16,ICU,834.0,5,1200,69.5
2025-02-17,Emergency,850.0,10,2400,35.41666666666667
2025-02-17,General Medicine,1112.0,8,1920,57.91666666666667
2025-02-17,Cardiology,830.0,6,1440,57.638888888888886
2025-02-17,Orthopedics,964.0,6,1440,66.94444444444444
2025-02-17,Neurology,858.0,5,1200,71.5
2025-02-17,ICU,888.0,5,1200,74.0
2025-02-18,Emergency,808.0,10,2400,33.666666666666664
2025-02-18,General Medicine,996.0,8,1920,51.87500000000001
2025-02-18,Cardiology,868.0,6,1440,60.27777777777777
2025-02-18,Orthopedics,846.0,6,1440,58.75
2025-02-18,Neurology,836.0,5,1200,69.66666666666667
2025-02-18,ICU,1016.0,5,1200,84.66666666666667
2025-02-19,Emergency,698.0,10,2400,29.083333333333332
2025-02-19,General Medicine,960.0,8,1920,50.0
2025-02-19,Cardiology,848.0,6,1440,58.88888888888889
2025-02-19,Orthopedics,820.0,6,1440,56.94444444444444
2025-02-19,Neurology,896.0,5,1200,74.66666666666667
2025-02-19,ICU,1004.0,5,1200,83.66666666666667
2025-02-20,Emergency,746.0,10,2400,31.083333333333336
2025-02-20,General Medicine,1012.0,8,1920,52.708333333333336
2025-02-20,Cardiology,950.0,6,1440,65.97222222222221
2025-02-20,Orthopedics,890.0,6,1440,61.80555555555556
2025-02-20,Neurology,816.0,5,1200,68.0
2025-02-20,ICU,986.0,5,1200,82.16666666666667
2025-02-21,Emergency,906.0,10,2400,37.75
2025-02-21,General Medicine,1064.0,8,1920,55.41666666666667
2025-02-21,Cardiology,862.0,6,1440,59.86111111111111
2025-02-21,Orthopedics,936.0,6,1440,65.0
2025-02-21,Neurology,870.0,5,1200,72.5
2025-02-21,ICU,940.0,5,1200,78.33333333333333
2025-02-22,Emergency,1148.0,10,2400,47.833333333333336
2025-02-22,General Medicine,1182.0,8,1920,61.5625
2025-02-22,Cardiology,888.0,6,1440,61.66666666666667
2025-02-22,Orthopedics,908.0,6,1440,63.05555555555556
2025-02-22,Neurology,776.0,5,1200,64.66666666666666
2025-02-22,ICU,1306.0,5,1200,108.83333333333334
2025-02-23,Emergency,1110.0,10,2400,46.25
2025-02-23,General Medicine,1230.0,8,1920,64.0625
2025-02-23,Cardiology,964.0,6,1440,66.94444444444444
2025-02-23,Orthopedics,830.0,6,1440,57.638888888888886
2025-02-23,Neurology,778.0,5,1200,64.83333333333333
2025-02-23,ICU,1142.0,5,1200,95.16666666666667
2025-02-24,Emergency,794.0,10,2400,33.08333333333333
2025-02-24,General Medicine,1110.0,8,1920,57.8125
2025-02-24,Cardiology,866.0,6,1440,60.138888888888886
2025-02-24,Orthopedics,860.0,6,1440,59.72222222222222
2025-02-24,Neurology,860.0,5,1200,71.66666666666667
2025-02-24,ICU,758.0,5,1200,63.16666666666667
2025-02-25,Emergency,904.0,10,2400,37.666666666666664
2025-02-25,General Medicine,1184.0,8,1920,61.66666666666667
2025-02-25,Cardiology,1174.0,6,1440,81.52777777777777
2025-02-25,Orthopedics,864.0,6,1440,60.0
2025-02-25,Neurology,894.0,5,1200,74.5
2025-02-25,ICU,972.0,5,1200,81.0
2025-02-26,Emergency,692.0,10,2400,28.833333333333332
2025-02-26,General Medicine,1018.0,8,1920,53.02083333333333
2025-02-26,Cardiology,932.0,6,1440,64.72222222222223
2025-02-26,Orthopedics,892.0,6,1440,61.94444444444444
2025-02-26,Neurology,812.0,5,1200,67.66666666666666
2025-02-26,ICU,986.0,5,1200,82.16666666666667
2025-02-27,Emergency,728.0,10,2400,30.333333333333336
2025-02-27,General Medicine,1104.0,8,1920,57.49999999999999
2025-02-27,Cardiology,906.0,6,1440,62.916666666666664
2025-02-27,Orthopedics,900.0,6,1440,62.5
2025-02-27,Neurology,814.0,5,1200,67.83333333333333
2025-02-27,ICU,1106.0,5,1200,92.16666666666666
2025-02-28,Emergency,802.0,10,2400,33.416666666666664
2025-02-28,General Medicine,1074.0,8,1920,55.93749999999999
2025-02-28,Cardiology,902.0,6,1440,62.638888888888886
2025-02-28,Orthopedics,956.0,6,1440,66.38888888888889
2025-02-28,Neurology,790.0,5,1200,65.83333333333333
2025-02-28,ICU,976.0,5,1200,81.33333333333333
2025-03-01,Emergency,1084.0,10,2400,45.166666666666664
2025-03-01,General Medicine,848.0,8,1920,44.166666666666664
2025-03-01,Cardiology,930.0,6,1440,64.58333333333334
2025-03-01,Orthopedics,928.0,6,1440,64.44444444444444
2025-03-01,Neurology,786.0,5,1200,65.5
2025-03-01,ICU,954.0,5,1200,79.5
2025-03-02,Emergency,1048.0,10,2400,43.666666666666664
2025-03-02,General Medicine,1004.0,8,1920,52.29166666666667
2025-03-02,Cardiology,884.0,6,1440,61.38888888888889
2025-03-02,Orthopedics,952.0,6,1440,66.11111111111111
2025-03-02,Neurology,832.0,5,1200,69.33333333333334
2025-03-02,ICU,1022.0,5,1200,85.16666666666667
2025-03-03,Emergency,784.0,10,2400,32.666666666666664
2025-03-03,General Medicine,922.0,8,1920,48.020833333333336
2025-03-03,Cardiology,786.0,6,1440,54.58333333333333
2025-03-03,Orthopedics,924.0,6,1440,64.16666666666667
2025-03-03,Neurology,852.0,5,1200,71.0
2025-03-03,ICU,990.0,5,1200,82.5
2025-03-04,Emergency,752.0,10,2400,31.333333333333336
2025-03-04,General Medicine,1048.0,8,1920,54.58333333333333
2025-03-04,Cardiology,1046.0,6,1440,72.63888888888889
2025-03-04,Orthopedics,934.0,6,1440,64.86111111111111
2025-03-04,Neurology,766.0,5,1200,63.83333333333333
2025-03-04,ICU,920.0,5,1200,76.66666666666667
2025-03-05,Emergency,790.0,10,2400,32.916666666666664
2025-03-05,General Medicine,1034.0,8,1920,53.85416666666667
2025-03-05,Cardiology,834.0,6,1440,57.91666666666667
2025-03-05,Orthopedics,824.0,6,1440,57.22222222222222
2025-03-05,Neurology,830.0,5,1200,69.16666666666667
2025-03-05,ICU,1002.0,5,1200,83.5
2025-03-06,Emergency,676.0,10,2400,28.166666666666668
2025-03-06,General Medicine,862.0,8,1920,44.895833333333336
2025-03-06,Cardiology,860.0,6,1440,59.72222222222222
2025-03-06,Orthopedics,1030.0,6,1440,71.52777777777779
2025-03-06,Neurology,748.0,5,1200,62.33333333333333
2025-03-06,ICU,972.0,5,1200,81.0
2025-03-07,Emergency,828.0,10,2400,34.5
2025-03-07,General Medicine,996.0,8,1920,51.87500000000001
2025-03-07,Cardiology,742.0,6,1440,51.52777777777777
2025-03-07,Orthopedics,892.0,6,1440,61.94444444444444
2025-03-07,Neurology,890.0,5,1200,74.16666666666667
2025-03-07,ICU,676.0,5,1200,56.333333333333336
2025-03-08,Emergency,912.0,10,2400,38.0
2025-03-08,General Medicine,980.0,8,1920,51.041666666666664
2025-03-08,Cardiology,882.0,6,1440,61.25000000000001
2025-03-08,Orthopedics,836.0,6,1440,58.05555555555556
2025-03-08,Neurology,756.0,5,1200,63.0
2025-03-08,ICU,914.0,5,1200,76.16666666666667
2025-03-09,Emergency,1178.0,10,2400,49.083333333333336
2025-03-09,General Medicine,1148.0,8,1920,59.791666666666664
2025-03-09,Cardiology,940.0,6,1440,65.27777777777779
2025-03-09,Orthopedics,922.0,6,1440,64.02777777777777
2025-03-09,Neurology,928.0,5,1200,77.33333333333333
2025-03-09,ICU,960.0,5,1200,80.0
2025-03-10,Emergency,810.0,10,2400,33.75
2025-03-10,General Medicine,974.0,8,1920,50.72916666666667
2025-03-10,Cardiology,968.0,6,1440,67.22222222222223
2025-03-10,Orthopedics,914.0,6,1440,63.47222222222222
2025-03-10,Neurology,840.0,5,1200,70.0
2025-03-10,ICU,948.0,5,1200,79.0
2025-03-11,Emergency,958.0,10,2400,39.916666666666664
2025-03-11,General Medicine,1116.0,8,1920,58.12500000000001
2025-03-11,Cardiology,1098.0,6,1440,76.25
2025-03-11,Orthopedics,802.0,6,1440,55.69444444444444
2025-03-11,Neurology,940.0,5,1200,78.33333333333333
2025-03-11,ICU,944.0,5,1200,78.66666666666666
2025-03-12,Emergency,826.0,10,2400,34.416666666666664
2025-03-12,General Medicine,1046.0,8,1920,54.479166666666664
2025-03-12,Cardiology,1084.0,6,1440,75.27777777777777
2025-03-12,Orthopedics,1058.0,6,1440,73.47222222222223
2025-03-12,Neurology,750.0,5,1200,62.5
2025-03-12,ICU,884.0,5,1200,73.66666666666667
2025-03-13,Emergency,676.0,10,2400,28.166666666666668
2025-03-13,General Medicine,1022.0,8,1920,53.22916666666667
2025-03-13,Cardiology,926.0,6,1440,64.30555555555556
2025-03-13,Orthopedics,1082.0,6,1440,75.13888888888889
2025-03-13,Neurology,908.0,5,1200,75.66666666666667
2025-03-13,ICU,1028.0,5,1200,85.66666666666667
2025-03-14,Emergency,706.0,10,2400,29.416666666666668
2025-03-14,General Medicine,1028.0,8,1920,53.541666666666664
2025-03-14,Cardiology,916.0,6,1440,63.61111111111111
2025-03-14,Orthopedics,1078.0,6,1440,74.86111111111111
2025-03-14,Neurology,730.0,5,1200,60.83333333333333
2025-03-14,ICU,944.0,5,1200,78.66666666666666
2025-03-15,Emergency,1216.0,10,2400,50.66666666666667
2025-03-15,General Medicine,1148.0,8,1920,59.791666666666664
2025-03-15,Cardiology,990.0,6,1440,68.75
2025-03-15,Orthopedics,928.0,6,1440,64.44444444444444
2025-03-15,Neurology,922.0,5,1200,76.83333333333333
2025-03-15,ICU,1152.0,5,1200,96.0
2025-03-16,Emergency,1150.0,10,2400,47.91666666666667
2025-03-16,General Medicine,1220.0,8,1920,63.541666666666664
2025-03-16,Cardiology,986.0,6,1440,68.47222222222223
2025-03-16,Orthopedics,954.0,6,1440,66.25
2025-03-16,Neurology,922.0,5,1200,76.83333333333333
2025-03-16,ICU,1242.0,5,1200,103.49999999999999
2025-03-17,Emergency,1370.0,10,2400,57.08333333333333
2025-03-17,General Medicine,1486.0,8,1920,77.39583333333333
2025-03-17,Cardiology,1336.0,6,1440,92.77777777777779
2025-03-17,Orthopedics,1414.0,6,1440,98.19444444444444
2025-03-17,Neurology,1374.0,5,1200,114.5
2025-03-17,ICU,1514.0,5,1200,126.16666666666667
2025-03-18,Emergency,872.0,10,2400,36.333333333333336
2025-03-18,General Medicine,1182.0,8,1920,61.5625
2025-03-18,Cardiology,1004.0,6,1440,69.72222222222221
2025-03-18,Orthopedics,962.0,6,1440,66.80555555555556
2025-03-18,Neurology,958.0,5,1200,79.83333333333333
2025-03-18,ICU,1086.0,5,1200,90.5
2025-03-19,Emergency,914.0,10,2400,38.083333333333336
2025-03-19,General Medicine,1048.0,8,1920,54.58333333333333
2025-03-19,Cardiology,964.0,6,1440,66.94444444444444
2025-03-19,Orthopedics,966.0,6,1440,67.08333333333333
2025-03-19,Neurology,944.0,5,1200,78.66666666666666
2025-03-19,ICU,934.0,5,1200,77.83333333333333
2025-03-20,Emergency,904.0,10,2400,37.666666666666664
2025-03-20,General Medicine,892.0,8,1920,46.458333333333336
2025-03-20,Cardiology,880.0,6,1440,61.111111111111114
2025-03-20,Orthopedics,932.0,6,1440,64.72222222222223
2025-03-20,Neurology,916.0,5,1200,76.33333333333333
2025-03-20,ICU,944.0,5,1200,78.66666666666666
2025-03-21,Emergency,724.0,10,2400,30.166666666666668
2025-03-21,General Medicine,1048.0,8,1920,54.58333333333333
2025-03-21,Cardiology,872.0,6,1440,60.55555555555555
2025-03-21,Orthopedics,910.0,6,1440,63.19444444444444
2025-03-21,Neurology,840.0,5,1200,70.0
2025-03-21,ICU,908.0,5,1200,75.66666666666667
2025-03-22,Emergency,1292.0,10,2400,53.833333333333336
2025-03-22,General Medicine,1176.0,8,1920,61.25000000000001
2025-03-22,Cardiology,1086.0,6,1440,75.41666666666667
2025-03-22,Orthopedics,900.0,6,1440,62.5
2025-03-22,Neurology,882.0,5,1200,73.5
2025-03-22,ICU,1030.0,5,1200,85.83333333333333
2025-03-23,Emergency,1242.0,10,2400,51.74999999999999
2025-03-23,General Medicine,1086.0,8,1920,56.56250000000001
2025-03-23,Cardiology,980.0,6,1440,68.05555555555556
2025-03-23,Orthopedics,1094.0,6,1440,75.97222222222221
2025-03-23,Neurology,888.0,5,1200,74.0
2025-03-23,ICU,1078.0,5,1200,89.83333333333333
2025-03-24,Emergency,802.0,10,2400,33.416666666666664
2025-03-24,General Medicine,980.0,8,1920,51.041666666666664
2025-03-24,Cardiology,838.0,6,1440,58.19444444444445
2025-03-24,Orthopedics,954.0,6,1440,66.25
2025-03-24,Neurology,836.0,5,1200,69.66666666666667
2025-03-24,ICU,892.0,5,1200,74.33333333333333
2025-03-25,Emergency,780.0,10,2400,32.5
2025-03-25,General Medicine,1038.0,8,1920,54.0625
2025-03-25,Cardiology,886.0,6,1440,61.52777777777778
2025-03-25,Orthopedics,892.0,6,1440,61.94444444444444
2025-03-25,Neurology,828.0,5,1200,69.0
2025-03-25,ICU,948.0,5,1200,79.0
2025-03-26,Emergency,796.0,10,2400,33.166666666666664
2025-03-26,General Medicine,1074.0,8,1920,55.93749999999999
2025-03-26,Cardiology,806.0,6,1440,55.97222222222222
2025-03-26,Orthopedics,956.0,6,1440,66.38888888888889
2025-03-26,Neurology,926.0,5,1200,77.16666666666666
2025-03-26,ICU,1080.0,5,1200,90.0
2025-03-27,Emergency,880.0,10,2400,36.666666666666664
2025-03-27,General Medicine,1128.0,8,1920,58.75
2025-03-27,Cardiology,836.0,6,1440,58.05555555555556
2025-03-27,Orthopedics,962.0,6,1440,66.80555555555556
2025-03-27,Neurology,844.0,5,1200,70.33333333333334
2025-03-27,ICU,1162.0,5,1200,96.83333333333334
2025-03-28,Emergency,898.0,10,2400,37.416666666666664
2025-03-28,General Medicine,1044.0,8,1920,54.37499999999999
2025-03-28,Cardiology,1036.0,6,1440,71.94444444444444
2025-03-28,Orthopedics,950.0,6,1440,65.97222222222221
2025-03-28,Neurology,972.0,5,1200,81.0
2025-03-28,ICU,972.0,5,1200,81.0
2025-03-29,Emergency,1100.0,10,2400,45.83333333333333
2025-03-29,General Medicine,1142.0,8,1920,59.47916666666667
2025-03-29,Cardiology,918.0,6,1440,63.74999999999999
2025-03-29,Orthopedics,932.0,6,1440,64.72222222222223
2025-03-29,Neurology,804.0,5,1200,67.0
2025-03-29,ICU,1120.0,5,1200,93.33333333333333
2025-03-30,Emergency,1198.0,10,2400,49.916666666666664
2025-03-30,General Medicine,1114.0,8,1920,58.020833333333336
2025-03-30,Cardiology,970.0,6,1440,67.36111111111111
2025-03-30,Orthopedics,1218.0,6,1440,84.58333333333333
2025-03-30,Neurology,966.0,5,1200,80.5
2025-03-30,ICU,1236.0,5,1200,103.0
2025-03-31,Emergency,812.0,10,2400,33.83333333333333
2025-03-31,General Medicine,1090.0,8,1920,56.770833333333336
2025-03-31,Cardiology,1086.0,6,1440,75.41666666666667
2025-03-31,Orthopedics,886.0,6,1440,61.52777777777778
2025-03-31,Neurology,902.0,5,1200,75.16666666666667
2025-03-31,ICU,786.0,5,1200,65.5
2025-04-01,Emergency,860.0,10,2400,35.833333333333336
2025-04-01,General Medicine,978.0,8,1920,50.9375
2025-04-01,Cardiology,976.0,6,1440,67.77777777777779
2025-04-01,Orthopedics,754.0,6,1440,52.361111111111114
2025-04-01,Neurology,772.0,5,1200,64.33333333333333
2025-04-01,ICU,872.0,5,1200,72.66666666666667
2025-04-02,Emergency,888.0,10,2400,37.0
2025-04-02,General Medicine,1056.0,8,1920,55.00000000000001
2025-04-02,Cardiology,972.0,6,1440,67.5
2025-04-02,Orthopedics,886.0,6,1440,61.52777777777778
2025-04-02,Neurology,734.0,5,1200,61.16666666666667
2025-04-02,ICU,1032.0,5,1200,86.0
2025-04-03,Emergency,868.0,10,2400,36.16666666666667
2025-04-03,General Medicine,1150.0,8,1920,59.895833333333336
2025-04-03,Cardiology,966.0,6,1440,67.08333333333333
2025-04-03,Orthopedics,876.0,6,1440,60.83333333333333
2025-04-03,Neurology,852.0,5,1200,71.0
2025-04-03,ICU,890.0,5,1200,74.16666666666667
2025-04-04,Emergency,820.0,10,2400,34.166666666666664
2025-04-04,General Medicine,1064.0,8,1920,55.41666666666667
2025-04-04,Cardiology,1132.0,6,1440,78.61111111111111
2025-04-04,Orthopedics,990.0,6,1440,68.75
2025-04-04,Neurology,756.0,5,1200,63.0
2025-04-04,ICU,816.0,5,1200,68.0
2025-04-05,Emergency,1102.0,10,2400,45.916666666666664
2025-04-05,General Medicine,972.0,8,1920,50.625
2025-04-05,Cardiology,1070.0,6,1440,74.30555555555556
2025-04-05,Orthopedics,1078.0,6,1440,74.86111111111111
2025-04-05,Neurology,1004.0,5,1200,83.66666666666667
2025-04-05,ICU,1278.0,5,1200,106.5
2025-04-06,Emergency,1126.0,10,2400,46.916666666666664
2025-04-06,General Medicine,1154.0,8,1920,60.10416666666667
2025-04-06,Cardiology,900.0,6,1440,62.5
2025-04-06,Orthopedics,978.0,6,1440,67.91666666666667
2025-04-06,Neurology,862.0,5,1200,71.83333333333334
2025-04-06,ICU,1338.0,5,1200,111.5
2025-04-07,Emergency,776.0,10,2400,32.33333333333333
2025-04-07,General Medicine,1114.0,8,1920,58.020833333333336
2025-04-07,Cardiology,1010.0,6,1440,70.13888888888889
2025-04-07,Orthopedics,984.0,6,1440,68.33333333333333
2025-04-07,Neurology,728.0,5,1200,60.66666666666667
2025-04-07,ICU,954.0,5,1200,79.5
2025-04-08,Emergency,856.0,10,2400,35.66666666666667
2025-04-08,General Medicine,1060.0,8,1920,55.208333333333336
2025-04-08,Cardiology,926.0,6,1440,64.30555555555556
2025-04-08,Orthopedics,970.0,6,1440,67.36111111111111
2025-04-08,Neurology,922.0,5,1200,76.83333333333333
2025-04-08,ICU,946.0,5,1200,78.83333333333333
2025-04-09,Emergency,848.0,10,2400,35.333333333333336
2025-04-09,General Medicine,1034.0,8,1920,53.85416666666667
2025-04-09,Cardiology,858.0,6,1440,59.583333333333336
2025-04-09,Orthopedics,936.0,6,1440,65.0
2025-04-09,Neurology,806.0,5,1200,67.16666666666666
2025-04-09,ICU,978.0,5,1200,81.5
2025-04-10,Emergency,842.0,10,2400,35.083333333333336
2025-04-10,General Medicine,1082.0,8,1920,56.35416666666667
2025-04-10,Cardiology,918.0,6,1440,63.74999999999999
2025-04-10,Orthopedics,952.0,6,1440,66.11111111111111
2025-04-10,Neurology,878.0,5,1200,73.16666666666667
2025-04-10,ICU,876.0,5,1200,73.0
2025-04-11,Emergency,800.0,10,2400,33.33333333333333
2025-04-11,General Medicine,988.0,8,1920,51.45833333333333
2025-04-11,Cardiology,802.0,6,1440,55.69444444444444
2025-04-11,Orthopedics,794.0,6,1440,55.13888888888889
2025-04-11,Neurology,882.0,5,1200,73.5
2025-04-11,ICU,944.0,5,1200,78.66666666666666
2025-04-12,Emergency,1162.0,10,2400,48.41666666666667
2025-04-12,General Medicine,1176.0,8,1920,61.25000000000001
2025-04-12,Cardiology,996.0,6,1440,69.16666666666667
2025-04-12,Orthopedics,890.0,6,1440,61.80555555555556
2025-04-12,Neurology,826.0,5,1200,68.83333333333333
2025-04-12,ICU,1088.0,5,1200,90.66666666666666
2025-04-13,Emergency,1696.0,10,2400,70.66666666666667
2025-04-13,General Medicine,1586.0,8,1920,82.60416666666667
2025-04-13,Cardiology,1340.0,6,1440,93.05555555555556
2025-04-13,Orthopedics,1500.0,6,1440,104.16666666666667
2025-04-13,Neurology,1400.0,5,1200,116.66666666666667
2025-04-13,ICU,1850.0,5,1200,154.16666666666669
2025-04-14,Emergency,978.0,10,2400,40.75
2025-04-14,General Medicine,1252.0,8,1920,65.20833333333333
2025-04-14,Cardiology,998.0,6,1440,69.30555555555556
2025-04-14,Orthopedics,930.0,6,1440,64.58333333333334
2025-04-14,Neurology,884.0,5,1200,73.66666666666667
2025-04-14,ICU,852.0,5,1200,71.0
2025-04-15,Emergency,1040.0,10,2400,43.333333333333336
2025-04-15,General Medicine,1248.0,8,1920,65.0
2025-04-15,Cardiology,1106.0,6,1440,76.80555555555556
2025-04-15,Orthopedics,892.0,6,1440,61.94444444444444
2025-04-15,Neurology,912.0,5,1200,76.0
2025-04-15,ICU,994.0,5,1200,82.83333333333334
2025-04-16,Emergency,1578.0,10,2400,65.75
2025-04-16,General Medicine,1824.0,8,1920,95.0
2025-04-16,Cardiology,1386.0,6,1440,96.25
2025-04-16,Orthopedics,1422.0,6,1440,98.75
2025-04-16,Neurology,1352.0,5,1200,112.66666666666667
2025-04-16,ICU,1658.0,5,1200,138.16666666666666
2025-04-17,Emergency,784.0,10,2400,32.666666666666664
2025-04-17,General Medicine,1186.0,8,1920,61.77083333333333
2025-04-17,Cardiology,1050.0,6,1440,72.91666666666666
2025-04-17,Orthopedics,1058.0,6,1440,73.47222222222223
2025-04-17,Neurology,888.0,5,1200,74.0
2025-04-17,ICU,910.0,5,1200,75.83333333333333
2025-04-18,Emergency,1052.0,10,2400,43.833333333333336
2025-04-18,General Medicine,1170.0,8,1920,60.9375
2025-04-18,Cardiology,1038.0,6,1440,72.08333333333333
2025-04-18,Orthopedics,1042.0,6,1440,72.36111111111111
2025-04-18,Neurology,866.0,5,1200,72.16666666666667
2025-04-18,ICU,1004.0,5,1200,83.66666666666667
2025-04-19,Emergency,1344.0,10,2400,56.00000000000001
2025-04-19,General Medicine,1016.0,8,1920,52.916666666666664
2025-04-19,Cardiology,876.0,6,1440,60.83333333333333
2025-04-19,Orthopedics,1118.0,6,1440,77.63888888888889
2025-04-19,Neurology,818.0,5,1200,68.16666666666666
2025-04-19,ICU,1008.0,5,1200,84.0
2025-04-20,Emergency,1444.0,10,2400,60.16666666666667
2025-04-20,General Medicine,914.0,8,1920,47.604166666666664
2025-04-20,Cardiology,814.0,6,1440,56.52777777777778
2025-04-20,Orthopedics,1012.0,6,1440,70.27777777777777
2025-04-20,Neurology,964.0,5,1200,80.33333333333333
2025-04-20,ICU,974.0,5,1200,81.16666666666667
2025-04-21,Emergency,836.0,10,2400,34.833333333333336
2025-04-21,General Medicine,1158.0,8,1920,60.3125
2025-04-21,Cardiology,1064.0,6,1440,73.88888888888889
2025-04-21,Orthopedics,1016.0,6,1440,70.55555555555556
2025-04-21,Neurology,1020.0,5,1200,85.0
2025-04-21,ICU,1006.0,5,1200,83.83333333333334
2025-04-22,Emergency,880.0,10,2400,36.666666666666664
2025-04-22,General Medicine,1124.0,8,1920,58.54166666666667
2025-04-22,Cardiology,848.0,6,1440,58.88888888888889
2025-04-22,Orthopedics,790.0,6,1440,54.861111111111114
2025-04-22,Neurology,896.0,5,1200,74.66666666666667
2025-04-22,ICU,956.0,5,1200,79.66666666666666
2025-04-23,Emergency,1086.0,10,2400,45.25
2025-04-23,General Medicine,1224.0,8,1920,63.74999999999999
2025-04-23,Cardiology,930.0,6,1440,64.58333333333334
2025-04-23,Orthopedics,960.0,6,1440,66.66666666666666
2025-04-23,Neurology,772.0,5,1200,64.33333333333333
2025-04-23,ICU,1168.0,5,1200,97.33333333333334
2025-04-24,Emergency,956.0,10,2400,39.83333333333333
2025-04-24,General Medicine,1230.0,8,1920,64.0625
2025-04-24,Cardiology,946.0,6,1440,65.69444444444444
2025-04-24,Orthopedics,980.0,6,1440,68.05555555555556
2025-04-24,Neurology,762.0,5,1200,63.5
2025-04-24,ICU,960.0,5,1200,80.0
2025-04-25,Emergency,934.0,10,2400,38.916666666666664
2025-04-25,General Medicine,1126.0,8,1920,58.64583333333333
2025-04-25,Cardiology,940.0,6,1440,65.27777777777779
2025-04-25,Orthopedics,986.0,6,1440,68.47222222222223
2025-04-25,Neurology,920.0,5,1200,76.66666666666667
2025-04-25,ICU,944.0,5,1200,78.66666666666666
2025-04-26,Emergency,1176.0,10,2400,49.0
2025-04-26,General Medicine,1046.0,8,1920,54.479166666666664
2025-04-26,Cardiology,1034.0,6,1440,71.80555555555556
2025-04-26,Orthopedics,1182.0,6,1440,82.08333333333333
2025-04-26,Neurology,974.0,5,1200,81.16666666666667
2025-04-26,ICU,1176.0,5,1200,98.0
2025-04-27,Emergency,1144.0,10,2400,47.66666666666667
2025-04-27,General Medicine,1106.0,8,1920,57.604166666666664
2025-04-27,Cardiology,1020.0,6,1440,70.83333333333334
2025-04-27,Orthopedics,1102.0,6,1440,76.52777777777777
2025-04-27,Neurology,1026.0,5,1200,85.5
2025-04-27,ICU,1348.0,5,1200,112.33333333333333
2025-04-28,Emergency,880.0,10,2400,36.666666666666664
2025-04-28,General Medicine,1216.0,8,1920,63.33333333333333
2025-04-28,Cardiology,1002.0,6,1440,69.58333333333333
2025-04-28,Orthopedics,922.0,6,1440,64.02777777777777
2025-04-28,Neurology,862.0,5,1200,71.83333333333334
2025-04-28,ICU,982.0,5,1200,81.83333333333334
2025-04-29,Emergency,1006.0,10,2400,41.91666666666667
2025-04-29,General Medicine,1082.0,8,1920,56.35416666666667
2025-04-29,Cardiology,1004.0,6,1440,69.72222222222221
2025-04-29,Orthopedics,904.0,6,1440,62.77777777777778
2025-04-29,Neurology,924.0,5,1200,77.0
2025-04-29,ICU,1026.0,5,1200,85.5
2025-04-30,Emergency,992.0,10,2400,41.333333333333336
2025-04-30,General Medicine,1176.0,8,1920,61.25000000000001
2025-04-30,Cardiology,964.0,6,1440,66.94444444444444
2025-04-30,Orthopedics,970.0,6,1440,67.36111111111111
2025-04-30,Neurology,704.0,5,1200,58.666666666666664
2025-04-30,ICU,888.0,5,1200,74.0
2025-05-01,Emergency,1006.0,10,2400,41.91666666666667
2025-05-01,General Medicine,1098.0,8,1920,57.1875
2025-05-01,Cardiology,894.0,6,1440,62.083333333333336
2025-05-01,Orthopedics,918.0,6,1440,63.74999999999999
2025-05-01,Neurology,912.0,5,1200,76.0
2025-05-01,ICU,1124.0,5,1200,93.66666666666667
2025-05-02,Emergency,1092.0,10,2400,45.5
2025-05-02,General Medicine,1204.0,8,1920,62.708333333333336
2025-05-02,Cardiology,998.0,6,1440,69.30555555555556
2025-05-02,Orthopedics,960.0,6,1440,66.66666666666666
2025-05-02,Neurology,918.0,5,1200,76.5
2025-05-02,ICU,1050.0,5,1200,87.5
2025-05-03,Emergency,1196.0,10,2400,49.833333333333336
2025-05-03,General Medicine,1162.0,8,1920,60.520833333333336
2025-05-03,Cardiology,1048.0,6,1440,72.77777777777777
2025-05-03,Orthopedics,1006.0,6,1440,69.86111111111111
2025-05-03,Neurology,992.0,5,1200,82.66666666666667
2025-05-03,ICU,1250.0,5,1200,104.16666666666667
2025-05-04,Emergency,1140.0,10,2400,47.5
2025-05-04,General Medicine,1104.0,8,1920,57.49999999999999
2025-05-04,Cardiology,1046.0,6,1440,72.63888888888889
2025-05-04,Orthopedics,982.0,6,1440,68.19444444444444
2025-05-04,Neurology,862.0,5,1200,71.83333333333334
2025-05-04,ICU,1220.0,5,1200,101.66666666666666
2025-05-05,Emergency,922.0,10,2400,38.416666666666664
2025-05-05,General Medicine,1176.0,8,1920,61.25000000000001
2025-05-05,Cardiology,1032.0,6,1440,71.66666666666667
2025-05-05,Orthopedics,1058.0,6,1440,73.47222222222223
2025-05-05,Neurology,770.0,5,1200,64.16666666666667
2025-05-05,ICU,916.0,5,1200,76.33333333333333
2025-05-06,Emergency,956.0,10,2400,39.83333333333333
2025-05-06,General Medicine,1176.0,8,1920,61.25000000000001
2025-05-06,Cardiology,1096.0,6,1440,76.11111111111111
2025-05-06,Orthopedics,884.0,6,1440,61.38888888888889
2025-05-06,Neurology,934.0,5,1200,77.83333333333333
2025-05-06,ICU,1074.0,5,1200,89.5
2025-05-07,Emergency,1078.0,10,2400,44.916666666666664
2025-05-07,General Medicine,1034.0,8,1920,53.85416666666667
2025-05-07,Cardiology,904.0,6,1440,62.77777777777778
2025-05-07,Orthopedics,1036.0,6,1440,71.94444444444444
2025-05-07,Neurology,844.0,5,1200,70.33333333333334
2025-05-07,ICU,1104.0,5,1200,92.0
2025-05-08,Emergency,1056.0,10,2400,44.0
2025-05-08,General Medicine,1208.0,8,1920,62.916666666666664
2025-05-08,Cardiology,1068.0,6,1440,74.16666666666667
2025-05-08,Orthopedics,962.0,6,1440,66.80555555555556
2025-05-08,Neurology,846.0,5,1200,70.5
2025-05-08,ICU,1068.0,5,1200,89.0
2025-05-09,Emergency,890.0,10,2400,37.083333333333336
2025-05-09,General Medicine,1066.0,8,1920,55.52083333333333
2025-05-09,Cardiology,870.0,6,1440,60.416666666666664
2025-05-09,Orthopedics,930.0,6,1440,64.58333333333334
2025-05-09,Neurology,908.0,5,1200,75.66666666666667
2025-05-09,ICU,888.0,5,1200,74.0
2025-05-10,Emergency,1108.0,10,2400,46.166666666666664
2025-05-10,General Medicine,1116.0,8,1920,58.12500000000001
2025-05-10,Cardiology,846.0,6,1440,58.75
2025-05-10,Orthopedics,1172.0,6,1440,81.38888888888889
2025-05-10,Neurology,1058.0,5,1200,88.16666666666667
2025-05-10,ICU,1162.0,5,1200,96.83333333333334
2025-05-11,Emergency,1208.0,10,2400,50.33333333333333
2025-05-11,General Medicine,1062.0,8,1920,55.3125
2025-05-11,Cardiology,950.0,6,1440,65.97222222222221
2025-05-11,Orthopedics,1014.0,6,1440,70.41666666666667
2025-05-11,Neurology,1012.0,5,1200,84.33333333333334
2025-05-11,ICU,1244.0,5,1200,103.66666666666666
2025-05-12,Emergency,910.0,10,2400,37.916666666666664
2025-05-12,General Medicine,1164.0,8,1920,60.62499999999999
2025-05-12,Cardiology,1066.0,6,1440,74.02777777777779
2025-05-12,Orthopedics,864.0,6,1440,60.0
2025-05-12,Neurology,960.0,5,1200,80.0
2025-05-12,ICU,856.0,5,1200,71.33333333333334
2025-05-13,Emergency,872.0,10,2400,36.333333333333336
2025-05-13,General Medicine,1238.0,8,1920,64.47916666666667
2025-05-13,Cardiology,1088.0,6,1440,75.55555555555556
2025-05-13,Orthopedics,964.0,6,1440,66.94444444444444
2025-05-13,Neurology,816.0,5,1200,68.0
2025-05-13,ICU,942.0,5,1200,78.5
2025-05-14,Emergency,1212.0,10,2400,50.5
2025-05-14,General Medicine,1310.0,8,1920,68.22916666666666
2025-05-14,Cardiology,1310.0,6,1440,90.97222222222221
2025-05-14,Orthopedics,1196.0,6,1440,83.05555555555556
2025-05-14,Neurology,1006.0,5,1200,83.83333333333334
2025-05-14,ICU,1208.0,5,1200,100.66666666666666
2025-05-15,Emergency,900.0,10,2400,37.5
2025-05-15,General Medicine,1236.0,8,1920,64.375
2025-05-15,Cardiology,1114.0,6,1440,77.36111111111111
2025-05-15,Orthopedics,1150.0,6,1440,79.86111111111111
2025-05-15,Neurology,1082.0,5,1200,90.16666666666666
2025-05-15,ICU,1296.0,5,1200,108.0
2025-05-16,Emergency,942.0,10,2400,39.25
2025-05-16,General Medicine,1166.0,8,1920,60.729166666666664
2025-05-16,Cardiology,1064.0,6,1440,73.88888888888889
2025-05-16,Orthopedics,962.0,6,1440,66.80555555555556
2025-05-16,Neurology,884.0,5,1200,73.66666666666667
2025-05-16,ICU,870.0,5,1200,72.5
2025-05-17,Emergency,1322.0,10,2400,55.08333333333333
2025-05-17,General Medicine,1176.0,8,1920,61.25000000000001
2025-05-17,Cardiology,1050.0,6,1440,72.91666666666666
2025-05-17,Orthopedics,1290.0,6,1440,89.58333333333334
2025-05-17,Neurology,1126.0,5,1200,93.83333333333333
2025-05-17,ICU,1224.0,5,1200,102.0
2025-05-18,Emergency,1404.0,10,2400,58.5
2025-05-18,General Medicine,1208.0,8,1920,62.916666666666664
2025-05-18,Cardiology,1098.0,6,1440,76.25
2025-05-18,Orthopedics,1072.0,6,1440,74.44444444444444
2025-05-18,Neurology,1032.0,5,1200,86.0
2025-05-18,ICU,1318.0,5,1200,109.83333333333334
2025-05-19,Emergency,970.0,10,2400,40.416666666666664
2025-05-19,General Medicine,1020.0,8,1920,53.125
2025-05-19,Cardiology,1166.0,6,1440,80.97222222222223
2025-05-19,Orthopedics,800.0,6,1440,55.55555555555556
2025-05-19,Neurology,928.0,5,1200,77.33333333333333
2025-05-19,ICU,1094.0,5,1200,91.16666666666666
2025-05-20,Emergency,902.0,10,2400,37.583333333333336
2025-05-20,General Medicine,1240.0,8,1920,64.58333333333334
2025-05-20,Cardiology,920.0,6,1440,63.888888888888886
2025-05-20,Orthopedics,1082.0,6,1440,75.13888888888889
2025-05-20,Neurology,906.0,5,1200,75.5
2025-05-20,ICU,1224.0,5,1200,102.0
2025-05-21,Emergency,906.0,10,2400,37.75
2025-05-21,General Medicine,1282.0,8,1920,66.77083333333333
2025-05-21,Cardiology,930.0,6,1440,64.58333333333334
2025-05-21,Orthopedics,1120.0,6,1440,77.77777777777779
2025-05-21,Neurology,978.0,5,1200,81.5
2025-05-21,ICU,1100.0,5,1200,91.66666666666666
2025-05-22,Emergency,886.0,10,2400,36.916666666666664
2025-05-22,General Medicine,1108.0,8,1920,57.70833333333333
2025-05-22,Cardiology,968.0,6,1440,67.22222222222223
2025-05-22,Orthopedics,954.0,6,1440,66.25
2025-05-22,Neurology,864.0,5,1200,72.0
2025-05-22,ICU,932.0,5,1200,77.66666666666666
2025-05-23,Emergency,902.0,10,2400,37.583333333333336
2025-05-23,General Medicine,1134.0,8,1920,59.06249999999999
2025-05-23,Cardiology,1028.0,6,1440,71.38888888888889
2025-05-23,Orthopedics,976.0,6,1440,67.77777777777779
2025-05-23,Neurology,804.0,5,1200,67.0
2025-05-23,ICU,940.0,5,1200,78.33333333333333
2025-05-24,Emergency,1160.0,10,2400,48.333333333333336
2025-05-24,General Medicine,1302.0,8,1920,67.8125
2025-05-24,Cardiology,1044.0,6,1440,72.5
2025-05-24,Orthopedics,1094.0,6,1440,75.97222222222221
2025-05-24,Neurology,1054.0,5,1200,87.83333333333333
2025-05-24,ICU,1176.0,5,1200,98.0
2025-05-25,Emergency,1228.0,10,2400,51.16666666666667
2025-05-25,General Medicine,1130.0,8,1920,58.854166666666664
2025-05-25,Cardiology,944.0,6,1440,65.55555555555556
2025-05-25,Orthopedics,1098.0,6,1440,76.25
2025-05-25,Neurology,1056.0,5,1200,88.0
2025-05-25,ICU,1194.0,5,1200,99.5
2025-05-26,Emergency,838.0,10,2400,34.91666666666667
2025-05-26,General Medicine,1170.0,8,1920,60.9375
2025-05-26,Cardiology,954.0,6,1440,66.25
2025-05-26,Orthopedics,918.0,6,1440,63.74999999999999
2025-05-26,Neurology,940.0,5,1200,78.33333333333333
2025-05-26,ICU,1008.0,5,1200,84.0
2025-05-27,Emergency,1114.0,10,2400,46.416666666666664
2025-05-27,General Medicine,1080.0,8,1920,56.25
2025-05-27,Cardiology,928.0,6,1440,64.44444444444444
2025-05-27,Orthopedics,950.0,6,1440,65.97222222222221
2025-05-27,Neurology,832.0,5,1200,69.33333333333334
2025-05-27,ICU,1010.0,5,1200,84.16666666666667
2025-05-28,Emergency,980.0,10,2400,40.833333333333336
2025-05-28,General Medicine,1080.0,8,1920,56.25
2025-05-28,Cardiology,882.0,6,1440,61.25000000000001
2025-05-28,Orthopedics,1002.0,6,1440,69.58333333333333
2025-05-28,Neurology,834.0,5,1200,69.5
2025-05-28,ICU,960.0,5,1200,80.0
2025-05-29,Emergency,868.0,10,2400,36.16666666666667
2025-05-29,General Medicine,1156.0,8,1920,60.20833333333333
2025-05-29,Cardiology,1044.0,6,1440,72.5
2025-05-29,Orthopedics,946.0,6,1440,65.69444444444444
2025-05-29,Neurology,894.0,5,1200,74.5
2025-05-29,ICU,908.0,5,1200,75.66666666666667
2025-05-30,Emergency,1010.0,10,2400,42.083333333333336
2025-05-30,General Medicine,1088.0,8,1920,56.666666666666664
2025-05-30,Cardiology,996.0,6,1440,69.16666666666667
2025-05-30,Orthopedics,910.0,6,1440,63.19444444444444
2025-05-30,Neurology,808.0,5,1200,67.33333333333333
2025-05-30,ICU,1098.0,5,1200,91.5
2025-05-31,Emergency,1284.0,10,2400,53.5
2025-05-31,General Medicine,1214.0,8,1920,63.22916666666667
2025-05-31,Cardiology,906.0,6,1440,62.916666666666664
2025-05-31,Orthopedics,1244.0,6,1440,86.38888888888889
2025-05-31,Neurology,1042.0,5,1200,86.83333333333333
2025-05-31,ICU,1174.0,5,1200,97.83333333333334
2025-06-01,Emergency,1050.0,10,2400,43.75
2025-06-01,General Medicine,1054.0,8,1920,54.895833333333336
2025-06-01,Cardiology,1010.0,6,1440,70.13888888888889
2025-06-01,Orthopedics,1048.0,6,1440,72.77777777777777
2025-06-01,Neurology,1002.0,5,1200,83.5
2025-06-01,ICU,1122.0,5,1200,93.5
2025-06-02,Emergency,902.0,10,2400,37.583333333333336
2025-06-02,General Medicine,1090.0,8,1920,56.770833333333336
2025-06-02,Cardiology,1098.0,6,1440,76.25
2025-06-02,Orthopedics,818.0,6,1440,56.80555555555556
2025-06-02,Neurology,992.0,5,1200,82.66666666666667
2025-06-02,ICU,1086.0,5,1200,90.5
2025-06-03,Emergency,1074.0,10,2400,44.75
2025-06-03,General Medicine,1294.0,8,1920,67.39583333333333
2025-06-03,Cardiology,1054.0,6,1440,73.19444444444444
2025-06-03,Orthopedics,970.0,6,1440,67.36111111111111
2025-06-03,Neurology,894.0,5,1200,74.5
2025-06-03,ICU,946.0,5,1200,78.83333333333333
2025-06-04,Emergency,968.0,10,2400,40.33333333333333
2025-06-04,General Medicine,1416.0,8,1920,73.75
2025-06-04,Cardiology,1182.0,6,1440,82.08333333333333
2025-06-04,Orthopedics,1288.0,6,1440,89.44444444444444
2025-06-04,Neurology,912.0,5,1200,76.0
2025-06-04,ICU,1298.0,5,1200,108.16666666666667
2025-06-05,Emergency,918.0,10,2400,38.25
2025-06-05,General Medicine,1112.0,8,1920,57.91666666666667
2025-06-05,Cardiology,894.0,6,1440,62.083333333333336
2025-06-05,Orthopedics,930.0,6,1440,64.58333333333334
2025-06-05,Neurology,786.0,5,1200,65.5
2025-06-05,ICU,898.0,5,1200,74.83333333333333
2025-06-06,Emergency,1004.0,10,2400,41.833333333333336
2025-06-06,General Medicine,1170.0,8,1920,60.9375
2025-06-06,Cardiology,990.0,6,1440,68.75
2025-06-06,Orthopedics,922.0,6,1440,64.02777777777777
2025-06-06,Neurology,784.0,5,1200,65.33333333333333
2025-06-06,ICU,1012.0,5,1200,84.33333333333334
2025-06-07,Emergency,1316.0,10,2400,54.833333333333336
2025-06-07,General Medicine,1306.0,8,1920,68.02083333333333
2025-06-07,Cardiology,1080.0,6,1440,75.0
2025-06-07,Orthopedics,1066.0,6,1440,74.02777777777779
2025-06-07,Neurology,1032.0,5,1200,86.0
2025-06-07,ICU,1148.0,5,1200,95.66666666666667
2025-06-08,Emergency,1188.0,10,2400,49.5
2025-06-08,General Medicine,1174.0,8,1920,61.145833333333336
2025-06-08,Cardiology,942.0,6,1440,65.41666666666667
2025-06-08,Orthopedics,994.0,6,1440,69.02777777777777
2025-06-08,Neurology,994.0,5,1200,82.83333333333334
2025-06-08,ICU,1208.0,5,1200,100.66666666666666
2025-06-09,Emergency,854.0,10,2400,35.583333333333336
2025-06-09,General Medicine,1200.0,8,1920,62.5
2025-06-09,Cardiology,964.0,6,1440,66.94444444444444
2025-06-09,Orthopedics,1142.0,6,1440,79.30555555555556
2025-06-09,Neurology,1028.0,5,1200,85.66666666666667
2025-06-09,ICU,1076.0,5,1200,89.66666666666666
2025-06-10,Emergency,1010.0,10,2400,42.083333333333336
2025-06-10,General Medicine,1192.0,8,1920,62.083333333333336
2025-06-10,Cardiology,1032.0,6,1440,71.66666666666667
2025-06-10,Orthopedics,1086.0,6,1440,75.41666666666667
2025-06-10,Neurology,946.0,5,1200,78.83333333333333
2025-06-10,ICU,976.0,5,1200,81.33333333333333
2025-06-11,Emergency,1058.0,10,2400,44.083333333333336
2025-06-11,General Medicine,1268.0,8,1920,66.04166666666667
2025-06-11,Cardiology,1078.0,6,1440,74.86111111111111
2025-06-11,Orthopedics,1010.0,6,1440,70.13888888888889
2025-06-11,Neurology,804.0,5,1200,67.0
2025-06-11,ICU,972.0,5,1200,81.0
2025-06-12,Emergency,994.0,10,2400,41.41666666666667
2025-06-12,General Medicine,1090.0,8,1920,56.770833333333336
2025-06-12,Cardiology,1052.0,6,1440,73.05555555555556
2025-06-12,Orthopedics,958.0,6,1440,66.52777777777777
2025-06-12,Neurology,974.0,5,1200,81.16666666666667
2025-06-12,ICU,856.0,5,1200,71.33333333333334
2025-06-13,Emergency,1068.0,10,2400,44.5
2025-06-13,General Medicine,1128.0,8,1920,58.75
2025-06-13,Cardiology,1006.0,6,1440,69.86111111111111
2025-06-13,Orthopedics,944.0,6,1440,65.55555555555556
2025-06-13,Neurology,910.0,5,1200,75.83333333333333
2025-06-13,ICU,952.0,5,1200,79.33333333333333
2025-06-14,Emergency,1094.0,10,2400,45.58333333333333
2025-06-14,General Medicine,1200.0,8,1920,62.5
2025-06-14,Cardiology,806.0,6,1440,55.97222222222222
2025-06-14,Orthopedics,1160.0,6,1440,80.55555555555556
2025-06-14,Neurology,930.0,5,1200,77.5
2025-06-14,ICU,1134.0,5,1200,94.5
2025-06-15,Emergency,1378.0,10,2400,57.41666666666667
2025-06-15,General Medicine,1138.0,8,1920,59.27083333333333
2025-06-15,Cardiology,1050.0,6,1440,72.91666666666666
2025-06-15,Orthopedics,1082.0,6,1440,75.13888888888889
2025-06-15,Neurology,1042.0,5,1200,86.83333333333333
2025-06-15,ICU,1396.0,5,1200,116.33333333333333
2025-06-16,Emergency,1032.0,10,2400,43.0
2025-06-16,General Medicine,1070.0,8,1920,55.729166666666664
2025-06-16,Cardiology,1050.0,6,1440,72.91666666666666
2025-06-16,Orthopedics,998.0,6,1440,69.30555555555556
2025-06-16,Neurology,946.0,5,1200,78.83333333333333
2025-06-16,ICU,982.0,5,1200,81.83333333333334
2025-06-17,Emergency,892.0,10,2400,37.166666666666664
2025-06-17,General Medicine,986.0,8,1920,51.354166666666664
2025-06-17,Cardiology,948.0,6,1440,65.83333333333333
2025-06-17,Orthopedics,996.0,6,1440,69.16666666666667
2025-06-17,Neurology,776.0,5,1200,64.66666666666666
2025-06-17,ICU,956.0,5,1200,79.66666666666666
2025-06-18,Emergency,886.0,10,2400,36.916666666666664
2025-06-18,General Medicine,1146.0,8,1920,59.68750000000001
2025-06-18,Cardiology,888.0,6,1440,61.66666666666667
2025-06-18,Orthopedics,938.0,6,1440,65.13888888888889
2025-06-18,Neurology,960.0,5,1200,80.0
2025-06-18,ICU,914.0,5,1200,76.16666666666667
2025-06-19,Emergency,810.0,10,2400,33.75
2025-06-19,General Medicine,1172.0,8,1920,61.04166666666667
2025-06-19,Cardiology,1118.0,6,1440,77.63888888888889
2025-06-19,Orthopedics,1162.0,6,1440,80.69444444444444
2025-06-19,Neurology,874.0,5,1200,72.83333333333334
2025-06-19,ICU,1150.0,5,1200,95.83333333333334
2025-06-20,Emergency,838.0,10,2400,34.91666666666667
2025-06-20,General Medicine,1218.0,8,1920,63.4375
2025-06-20,Cardiology,1072.0,6,1440,74.44444444444444
2025-06-20,Orthopedics,1134.0,6,1440,78.75
2025-06-20,Neurology,1066.0,5,1200,88.83333333333333
2025-06-20,ICU,1076.0,5,1200,89.66666666666666
2025-06-21,Emergency,1224.0,10,2400,51.0
2025-06-21,General Medicine,1062.0,8,1920,55.3125
2025-06-21,Cardiology,932.0,6,1440,64.72222222222223
2025-06-21,Orthopedics,932.0,6,1440,64.72222222222223
2025-06-21,Neurology,994.0,5,1200,82.83333333333334
2025-06-21,ICU,1228.0,5,1200,102.33333333333334
2025-06-22,Emergency,1238.0,10,2400,51.583333333333336
2025-06-22,General Medicine,1248.0,8,1920,65.0
2025-06-22,Cardiology,1024.0,6,1440,71.11111111111111
2025-06-22,Orthopedics,1008.0,6,1440,70.0
2025-06-22,Neurology,864.0,5,1200,72.0
2025-06-22,ICU,1094.0,5,1200,91.16666666666666
2025-06-23,Emergency,928.0,10,2400,38.666666666666664
2025-06-23,General Medicine,1232.0,8,1920,64.16666666666667
2025-06-23,Cardiology,964.0,6,1440,66.94444444444444
2025-06-23,Orthopedics,970.0,6,1440,67.36111111111111
2025-06-23,Neurology,844.0,5,1200,70.33333333333334
2025-06-23,ICU,1062.0,5,1200,88.5
2025-06-24,Emergency,988.0,10,2400,41.16666666666667
2025-06-24,General Medicine,1272.0,8,1920,66.25
2025-06-24,Cardiology,1040.0,6,1440,72.22222222222221
2025-06-24,Orthopedics,1124.0,6,1440,78.05555555555556
2025-06-24,Neurology,964.0,5,1200,80.33333333333333
2025-06-24,ICU,1180.0,5,1200,98.33333333333333
2025-06-25,Emergency,1080.0,10,2400,45.0
2025-06-25,General Medicine,1112.0,8,1920,57.91666666666667
2025-06-25,Cardiology,964.0,6,1440,66.94444444444444
2025-06-25,Orthopedics,952.0,6,1440,66.11111111111111
2025-06-25,Neurology,828.0,5,1200,69.0
2025-06-25,ICU,970.0,5,1200,80.83333333333333
2025-06-26,Emergency,976.0,10,2400,40.666666666666664
2025-06-26,General Medicine,1174.0,8,1920,61.145833333333336
2025-06-26,Cardiology,1094.0,6,1440,75.97222222222221
2025-06-26,Orthopedics,1294.0,6,1440,89.86111111111111
2025-06-26,Neurology,1086.0,5,1200,90.5
2025-06-26,ICU,1260.0,5,1200,105.0
2025-06-27,Emergency,1168.0,10,2400,48.66666666666667
2025-06-27,General Medicine,1158.0,8,1920,60.3125
2025-06-27,Cardiology,1024.0,6,1440,71.11111111111111
2025-06-27,Orthopedics,946.0,6,1440,65.69444444444444
2025-06-27,Neurology,900.0,5,1200,75.0
2025-06-27,ICU,976.0,5,1200,81.33333333333333
2025-06-28,Emergency,1540.0,10,2400,64.16666666666667
2025-06-28,General Medicine,1194.0,8,1920,62.18749999999999
2025-06-28,Cardiology,1078.0,6,1440,74.86111111111111
2025-06-28,Orthopedics,1184.0,6,1440,82.22222222222221
2025-06-28,Neurology,1010.0,5,1200,84.16666666666667
2025-06-28,ICU,1284.0,5,1200,107.0
2025-06-29,Emergency,1276.0,10,2400,53.166666666666664
2025-06-29,General Medicine,1178.0,8,1920,61.354166666666664
2025-06-29,Cardiology,1154.0,6,1440,80.13888888888889
2025-06-29,Orthopedics,1230.0,6,1440,85.41666666666666
2025-06-29,Neurology,1086.0,5,1200,90.5
2025-06-29,ICU,1054.0,5,1200,87.83333333333333
